{"recon loss": 4375.934441479975, "_timestamp": 1671391920.5107346, "_runtime": 1604.9507315158844, "_step": 50}