{"recon loss": 651.740480829336, "_timestamp": 1671391925.3572433, "_runtime": 799.0388283729553, "_step": 40}