{"recon loss": 3461.2084551718735, "_timestamp": 1671391915.7554967, "_runtime": 1464.4991216659546, "_step": 29}