{"recon loss": 767.5104997220245, "_timestamp": 1671391912.626151, "_runtime": 1510.3492481708527, "_step": 36}