{"recon loss": 209.1234039213104, "_timestamp": 1671391783.1117113, "_runtime": 1295.326063156128, "_step": 79}