{"recon loss": 1456.9987663973989, "_timestamp": 1671391058.0973613, "_runtime": 605.1723062992096, "_step": 59}