{"recon loss": 4191.8264318207375, "_timestamp": 1671391932.8922238, "_runtime": 284.25751280784607, "_step": 17}