{"recon loss": 395.1503389828227, "_timestamp": 1671390942.8795962, "_runtime": 489.9576942920685, "_step": 19}