{"recon loss": 3526.4660906989657, "_timestamp": 1671391540.5469213, "_runtime": 350.54480934143066, "_step": 19}