{"recon loss": 12940.48617986837, "_timestamp": 1671391930.1652298, "_runtime": 1590.7826187610626, "_step": 40}