{"recon loss": 3291.6149459473477, "_timestamp": 1671391910.526838, "_runtime": 1423.6486840248108, "_step": 45}