{"recon loss": 9175.200968767884, "_timestamp": 1671391921.74484, "_runtime": 1582.3724138736725, "_step": 58}