{"recon loss": 3219.1067258129206, "_timestamp": 1671391928.3754547, "_runtime": 245.6196506023407, "_step": 2}