{"recon loss": 7433.567456378567, "_timestamp": 1671391902.4486766, "_runtime": 416.9258086681366, "_step": 5}