{"recon loss": 8816.862514546616, "_timestamp": 1671391928.2211568, "_runtime": 323.1943259239197, "_step": 6}