{"recon loss": 1352.0143181004496, "_timestamp": 1671391912.4405177, "_runtime": 1446.8162505626678, "_step": 38}