{"recon loss": 1536.7398453007954, "_timestamp": 1671391934.0989807, "_runtime": 152.62791657447815, "_step": 1}