{"recon loss": 7702.053005932274, "_timestamp": 1671391924.685303, "_runtime": 179.73977303504944, "_step": 4}