{"recon loss": 4470.520929072212, "_timestamp": 1671391932.411802, "_runtime": 1440.0895080566406, "_step": 46}