{"recon loss": 7930.95906379678, "_timestamp": 1671391876.6240373, "_runtime": 1422.7194843292236, "_step": 79}