{"recon loss": 2510.1091887119155, "_timestamp": 1671391929.2670643, "_runtime": 1493.6118223667145, "_step": 53}