{"recon loss": 997.0527312236194, "_timestamp": 1671391908.2868154, "_runtime": 372.2551155090332, "_step": 4}