{"recon loss": 8040.735742301389, "_timestamp": 1671391883.88747, "_runtime": 1540.5049390792847, "_step": 59}