{"recon loss": 27050.077315616807, "_timestamp": 1671391823.1558769, "_runtime": 1507.73783993721, "_step": 6}