{"recon loss": 2292.9242048040687, "_timestamp": 1671391579.847915, "_runtime": 1265.0778949260712, "_step": 59}