{"recon loss": 8518.609654550028, "_timestamp": 1671391930.5681882, "_runtime": 349.25954818725586, "_step": 9}