{"recon loss": 1507.4053364551742, "_timestamp": 1671391933.0532055, "_runtime": 1481.600863456726, "_step": 69}