{"recon loss": 37370.237898268075, "_timestamp": 1671391925.221352, "_runtime": 1609.6355431079865, "_step": 38}