{"recon loss": 8479.945917727704, "_timestamp": 1671391763.6906095, "_runtime": 1445.0222663879395, "_step": 2}