{"recon loss": 2357.503484386229, "_timestamp": 1671391933.2390535, "_runtime": 890.4227824211121, "_step": 42}