{"recon loss": 8437.955250160172, "_timestamp": 1671391923.3824275, "_runtime": 838.132036447525, "_step": 34}