{"recon loss": 408.5190818924301, "_timestamp": 1671391931.5004423, "_runtime": 197.53272914886475, "_step": 10}