{"recon loss": 413.2539301842409, "_timestamp": 1671391082.4030805, "_runtime": 760.8797483444214, "_step": 79}