{"recon loss": 1113.4194806940002, "_timestamp": 1671391919.3235078, "_runtime": 1427.0015728473663, "_step": 44}