{"recon loss": 5049.969557606098, "_timestamp": 1671391921.545919, "_runtime": 1527.8705658912659, "_step": 30}