{"recon loss": 9321.945694908112, "_timestamp": 1671391922.784646, "_runtime": 1525.5370631217957, "_step": 45}