{"recon loss": 1835.9370658012588, "_timestamp": 1671391906.0604258, "_runtime": 1453.1131386756897, "_step": 30}