{"recon loss": 3467.6764505618803, "_timestamp": 1671391353.9012015, "_runtime": 899.9937644004822, "_step": 39}