{"recon loss": 1354.9886808422798, "_timestamp": 1671391736.6115253, "_runtime": 1382.8525261878967, "_step": 79}