{"recon loss": 1266.691242945626, "_timestamp": 1671391274.173986, "_runtime": 899.6315898895264, "_step": 39}