{"recon loss": 1139.7256675768538, "_timestamp": 1671391691.6445932, "_runtime": 441.9693112373352, "_step": 19}