{"recon loss": 3922.3781870479406, "_timestamp": 1671391925.972072, "_runtime": 323.73775482177734, "_step": 7}