{"recon loss": 223.18632704039328, "_timestamp": 1671391895.7109494, "_runtime": 1579.569476366043, "_step": 59}