{"recon loss": 653.9415619436663, "_timestamp": 1671391911.7291086, "_runtime": 1506.4411005973816, "_step": 33}