{"recon loss": 2114.4785758170638, "_timestamp": 1671391922.758159, "_runtime": 232.23446893692017, "_step": 4}