{"recon loss": 1429.0072929887326, "_timestamp": 1671391931.0617146, "_runtime": 248.8881585597992, "_step": 9}