{"recon loss": 855.0157466231105, "_timestamp": 1671391517.4495327, "_runtime": 1042.0358426570892, "_step": 39}