{"recon loss": 3211.6066199519337, "_timestamp": 1671391923.4888055, "_runtime": 1450.262889623642, "_step": 46}