{"recon loss": 908.6173001030778, "_timestamp": 1671391910.748965, "_runtime": 1585.7462401390076, "_step": 49}