{"recon loss": 6366.596009993386, "_timestamp": 1671391930.071249, "_runtime": 410.7859489917755, "_step": 12}