{"recon loss": 10089.848994857532, "_timestamp": 1671391925.7423425, "_runtime": 876.8404605388641, "_step": 45}