{"recon loss": 3620.71783716746, "_timestamp": 1671391927.1540167, "_runtime": 1524.870535850525, "_step": 34}