{"recon loss": 24594.802328241876, "_timestamp": 1671391881.6760924, "_runtime": 1417.3784914016724, "_step": 14}