{"recon loss": 11898.901028394595, "_timestamp": 1671391932.2975042, "_runtime": 529.3581690788269, "_step": 29}