{"recon loss": 2832.4142531431617, "_timestamp": 1671391855.8851616, "_runtime": 1537.3979036808014, "_step": 7}