{"recon loss": 668.1032847356112, "_timestamp": 1671391925.5624785, "_runtime": 1442.1981184482574, "_step": 45}