{"recon loss": 2069.9962388915837, "_timestamp": 1671390891.1086562, "_runtime": 537.1720132827759, "_step": 39}