{"recon loss": 282.5148466440207, "_timestamp": 1671391925.551446, "_runtime": 1551.0095429420471, "_step": 46}