{"recon loss": 1173.839337049049, "_timestamp": 1671391912.9922876, "_runtime": 1440.7758836746216, "_step": 48}