{"recon loss": 2744.230320062528, "_timestamp": 1671391168.0421803, "_runtime": 684.019787311554, "_step": 19}