{"recon loss": 850.805533061343, "_timestamp": 1671391933.2406192, "_runtime": 1132.472413301468, "_step": 55}