{"recon loss": 1925.3925045368196, "_timestamp": 1671391926.8927138, "_runtime": 800.5191218852997, "_step": 28}