{"recon loss": 1624.2662858367785, "_timestamp": 1671391917.2642062, "_runtime": 1603.7191791534424, "_step": 53}