{"recon loss": 6901.29733369184, "_timestamp": 1671391924.0797856, "_runtime": 536.7887256145477, "_step": 20}