{"recon loss": 11867.821436185244, "_timestamp": 1671391852.8279905, "_runtime": 1499.1185204982758, "_step": 59}