{"recon loss": 1993.1488946148395, "_timestamp": 1671391931.997803, "_runtime": 252.15696001052856, "_step": 9}