{"recon loss": 2900.647437296687, "_timestamp": 1671391623.4721622, "_runtime": 1260.0801241397858, "_step": 39}