{"recon loss": 29755.052365643496, "_timestamp": 1671391924.475552, "_runtime": 365.4246029853821, "_step": 15}