{"recon loss": 907.665101330922, "_timestamp": 1671391647.7572818, "_runtime": 1042.6908717155457, "_step": 39}