{"recon loss": 7142.275336297972, "_timestamp": 1671391891.5786927, "_runtime": 228.6191966533661, "_step": 0}