{"recon loss": 330.6344548211171, "_timestamp": 1671391646.981863, "_runtime": 1204.3361060619354, "_step": 79}