{"recon loss": 12931.444775032043, "_timestamp": 1671391930.5490484, "_runtime": 187.7925775051117, "_step": 2}