{"recon loss": 1160.6720751963812, "_timestamp": 1671391305.195422, "_runtime": 811.1536598205566, "_step": 39}