{"recon loss": 7706.426537557258, "_timestamp": 1671391704.6583889, "_runtime": 1386.1674599647522, "_step": 3}