{"recon loss": 833.0026455138635, "_timestamp": 1671391924.6411705, "_runtime": 1461.6873495578766, "_step": 65}