{"recon loss": 4912.612661491679, "_timestamp": 1671391846.8691053, "_runtime": 1387.557264328003, "_step": 59}