{"recon loss": 751.6587194388983, "_timestamp": 1671391919.7579994, "_runtime": 1460.4420313835144, "_step": 37}