{"recon loss": 28684.58086500887, "_timestamp": 1671391922.533332, "_runtime": 1532.9445400238037, "_step": 65}