{"recon loss": 337.15683635907095, "_timestamp": 1671391604.5738306, "_runtime": 1126.245465517044, "_step": 59}