{"recon loss": 7115.448300398545, "_timestamp": 1671391924.42334, "_runtime": 1449.016035079956, "_step": 54}