{"recon loss": 442.13805919698126, "_timestamp": 1671391930.5431437, "_runtime": 1442.7545516490936, "_step": 65}