{"recon loss": 703.9731827311235, "_timestamp": 1671391372.2403646, "_runtime": 1028.8474435806274, "_step": 39}