{"recon loss": 6038.469543581567, "_timestamp": 1671391930.0254755, "_runtime": 733.0668203830719, "_step": 46}