{"recon loss": 30237.216371267652, "_timestamp": 1671391862.6901906, "_runtime": 1455.6812336444855, "_step": 39}