{"recon loss": 6170.92598145409, "_timestamp": 1671391934.096278, "_runtime": 859.7167558670044, "_step": 61}