{"recon loss": 760.8017045361977, "_timestamp": 1671391921.2575712, "_runtime": 1602.7667591571808, "_step": 3}