{"recon loss": 840.5870096712777, "_timestamp": 1671391757.7260456, "_runtime": 1269.9895746707916, "_step": 59}