{"recon loss": 5537.474811138483, "_timestamp": 1671391918.3074877, "_runtime": 1439.2514276504517, "_step": 71}