{"recon loss": 2256.0904402785263, "_timestamp": 1671391933.115527, "_runtime": 1465.7005829811096, "_step": 59}