{"recon loss": 4603.652076854979, "_timestamp": 1671391926.0442548, "_runtime": 286.2046847343445, "_step": 13}