{"recon loss": 323.24431513478794, "_timestamp": 1671391931.4185855, "_runtime": 337.05386757850647, "_step": 13}