{"recon loss": 13967.73977066725, "_timestamp": 1671391919.6991131, "_runtime": 1457.5660152435303, "_step": 37}