{"recon loss": 6995.691830781662, "_timestamp": 1671391931.3681774, "_runtime": 130.56569051742554, "_step": 0}