{"recon loss": 3489.463180702927, "_timestamp": 1671391927.0075884, "_runtime": 1009.2037572860718, "_step": 36}