{"recon loss": 996.304429995337, "_timestamp": 1671391930.45012, "_runtime": 272.8576149940491, "_step": 2}