{"recon loss": 22274.372621272913, "_timestamp": 1671391913.26749, "_runtime": 533.0879650115967, "_step": 12}