{"recon loss": 444.1034881327643, "_timestamp": 1671391928.5862496, "_runtime": 1581.5376546382904, "_step": 33}