{"recon loss": 1003.132215490759, "_timestamp": 1671391931.6697369, "_runtime": 1480.2120509147644, "_step": 47}