{"recon loss": 931.3756851076591, "_timestamp": 1671391474.929329, "_runtime": 980.8070299625397, "_step": 79}