{"recon loss": 495.37584798489013, "_timestamp": 1671391172.462114, "_runtime": 686.3925921916962, "_step": 39}