{"recon loss": 392.8760863094402, "_timestamp": 1671391885.261299, "_runtime": 447.0000948905945, "_step": 19}