{"recon loss": 3365.4733300358566, "_timestamp": 1671391604.150024, "_runtime": 349.7500660419464, "_step": 19}