{"recon loss": 554.1776942460041, "_timestamp": 1671391918.8414466, "_runtime": 427.129647731781, "_step": 14}