{"recon loss": 929.7058993597232, "_timestamp": 1671391788.2607143, "_runtime": 1300.476437330246, "_step": 79}