{"recon loss": 1566.9310908326104, "_timestamp": 1671391861.3900533, "_runtime": 1408.1964373588562, "_step": 59}