{"recon loss": 771.6431409301109, "_timestamp": 1671391845.8729186, "_runtime": 1492.114004611969, "_step": 59}