{"recon loss": 370.8669256616721, "_timestamp": 1671391922.596644, "_runtime": 506.7268500328064, "_step": 19}