{"recon loss": 9162.637930590168, "_timestamp": 1671391927.664902, "_runtime": 451.48188185691833, "_step": 22}