{"recon loss": 768.8513849216454, "_timestamp": 1671391931.14524, "_runtime": 1541.570219039917, "_step": 37}