{"recon loss": 6811.066799375561, "_timestamp": 1671391918.1948237, "_runtime": 1457.131817817688, "_step": 64}