{"recon loss": 1934.2761961515398, "_timestamp": 1671391907.2633712, "_runtime": 1454.0621962547302, "_step": 43}