{"recon loss": 593.3599077655699, "_timestamp": 1671391424.130568, "_runtime": 948.7163000106812, "_step": 59}