{"recon loss": 13113.83818119596, "_timestamp": 1671391923.2674222, "_runtime": 1586.584046125412, "_step": 44}