{"recon loss": 846.414635416453, "_timestamp": 1671391920.6674502, "_runtime": 1606.5733361244202, "_step": 65}