{"recon loss": 23872.000142587058, "_timestamp": 1671391927.5662253, "_runtime": 1459.8023192882538, "_step": 71}