{"recon loss": 784.2011191119699, "_timestamp": 1671391732.158553, "_runtime": 1258.636344909668, "_step": 39}