{"recon loss": 2378.180161910599, "_timestamp": 1671391931.9633708, "_runtime": 1467.656584739685, "_step": 15}