{"recon loss": 9088.469599389522, "_timestamp": 1671391919.3723018, "_runtime": 313.9129858016968, "_step": 8}