{"recon loss": 222.95207910517772, "_timestamp": 1671391922.086976, "_runtime": 1550.5236320495605, "_step": 50}