{"recon loss": 1382.1585205782937, "_timestamp": 1671391920.5916302, "_runtime": 706.1730182170868, "_step": 29}