{"recon loss": 555.3985555514241, "_timestamp": 1671391932.6289203, "_runtime": 1488.049158334732, "_step": 56}