{"recon loss": 5087.960050056603, "_timestamp": 1671391908.4207313, "_runtime": 1553.9752683639526, "_step": 31}