{"recon loss": 335.3456908968261, "_timestamp": 1671391920.6864204, "_runtime": 1599.3892633914948, "_step": 38}