{"recon loss": 512.6530889905804, "_timestamp": 1671391768.118207, "_runtime": 1294.5178649425507, "_step": 39}