{"recon loss": 977.6597934605308, "_timestamp": 1671391409.250928, "_runtime": 936.0325558185577, "_step": 59}