{"recon loss": 729.4207420340765, "_timestamp": 1671391931.0273225, "_runtime": 466.2411324977875, "_step": 22}