{"recon loss": 259.0967473542332, "_timestamp": 1671391916.973593, "_runtime": 1580.45898604393, "_step": 71}