{"recon loss": 12552.68831839133, "_timestamp": 1671391917.2020378, "_runtime": 1452.8974487781525, "_step": 28}