{"recon loss": 5337.290975934015, "_timestamp": 1671391935.019347, "_runtime": 170.65563201904297, "_step": 2}