{"recon loss": 4721.483444206286, "_timestamp": 1671391908.6860216, "_runtime": 1541.3110675811768, "_step": 38}