{"recon loss": 7379.72593559949, "_timestamp": 1671391926.341492, "_runtime": 1464.2120819091797, "_step": 35}