{"recon loss": 1617.9600699079006, "_timestamp": 1671391916.9846601, "_runtime": 1591.9758050441742, "_step": 40}