{"recon loss": 1019.441098481554, "_timestamp": 1671391927.5536783, "_runtime": 536.3748621940613, "_step": 24}