{"recon loss": 337.1834860030678, "_timestamp": 1671391919.7751708, "_runtime": 980.445497751236, "_step": 53}