{"recon loss": 840.508823108953, "_timestamp": 1671391921.8591247, "_runtime": 1600.3397846221924, "_step": 71}