{"recon loss": 1258.4336030584207, "_timestamp": 1671391931.4439762, "_runtime": 265.3019161224365, "_step": 3}