{"recon loss": 3784.9752534409877, "_timestamp": 1671391925.12867, "_runtime": 1431.088875055313, "_step": 71}