{"recon loss": 28399.74994315927, "_timestamp": 1671391774.863011, "_runtime": 1302.6564087867737, "_step": 59}