{"recon loss": 237.9619840588909, "_timestamp": 1671391901.7901216, "_runtime": 1448.8675315380096, "_step": 79}