{"recon loss": 3830.831826763669, "_timestamp": 1671391171.2303798, "_runtime": 852.6181597709656, "_step": 39}