{"recon loss": 2913.2828181396926, "_timestamp": 1671391814.8970513, "_runtime": 705.32146525383, "_step": 19}