{"recon loss": 3815.243051810424, "_timestamp": 1671391933.7633626, "_runtime": 367.4878647327423, "_step": 8}