{"recon loss": 38133.10408430816, "_timestamp": 1671391915.1451573, "_runtime": 1454.0762512683868, "_step": 79}