{"recon loss": 31387.0421570299, "_timestamp": 1671391865.3269956, "_runtime": 660.5470306873322, "_step": 19}