{"recon loss": 882.1241795813413, "_timestamp": 1671391927.50779, "_runtime": 790.7909631729126, "_step": 56}