{"recon loss": 13522.47701376609, "_timestamp": 1671391935.0888877, "_runtime": 1463.7362356185913, "_step": 72}