{"recon loss": 1411.4188803684913, "_timestamp": 1671391753.8250337, "_runtime": 1276.7684636116028, "_step": 39}