{"recon loss": 979.1399828402612, "_timestamp": 1671391934.933862, "_runtime": 1471.982743024826, "_step": 64}