{"recon loss": 376.5903118807286, "_timestamp": 1671391933.7252831, "_runtime": 1442.6319181919098, "_step": 55}