{"recon loss": 897.1476184786765, "_timestamp": 1671391918.0834181, "_runtime": 1535.2810561656952, "_step": 30}