{"recon loss": 1092.1675011688615, "_timestamp": 1671391928.96429, "_runtime": 1469.15775680542, "_step": 39}