{"recon loss": 1207.2320982785225, "_timestamp": 1671391884.954132, "_runtime": 1499.3917820453644, "_step": 59}