{"recon loss": 13647.073115174464, "_timestamp": 1671391919.779832, "_runtime": 132.44858980178833, "_step": 0}