{"recon loss": 24414.057904837035, "_timestamp": 1671391699.2371633, "_runtime": 1231.8215494155884, "_step": 59}