{"recon loss": 11777.580824091501, "_timestamp": 1671391836.0506577, "_runtime": 1352.7080936431885, "_step": 59}