{"recon loss": 755.945984426044, "_timestamp": 1671391159.4898827, "_runtime": 676.0675716400146, "_step": 39}