{"recon loss": 332.4784002276364, "_timestamp": 1671391924.431544, "_runtime": 1598.8735761642456, "_step": 66}