{"recon loss": 1297.5272592549713, "_timestamp": 1671381872.5923657, "_runtime": 11361.838023662567, "_step": 100, "total_score": 0.578890797154631, "_wandb": {"runtime": 11371}}