{"recon loss": 208.63044301140846, "_timestamp": 1671391646.0437098, "_runtime": 1330.7551448345184, "_step": 59}