{"recon loss": 5699.135960844826, "_timestamp": 1671391924.89234, "_runtime": 1470.983391046524, "_step": 57}