{"recon loss": 1026.6469024800876, "_timestamp": 1671391926.0336425, "_runtime": 323.596316576004, "_step": 9}