{"recon loss": 224.33296765732248, "_timestamp": 1671391901.7852361, "_runtime": 1459.1967401504517, "_step": 59}