{"recon loss": 297.19449522801546, "_timestamp": 1671391921.808299, "_runtime": 1479.2176041603088, "_step": 60}