{"recon loss": 240.8641946432393, "_timestamp": 1671390909.874534, "_runtime": 556.1150939464569, "_step": 19}