{"recon loss": 585.4381162873422, "_timestamp": 1671391789.1145995, "_runtime": 1472.6205043792725, "_step": 59}