{"recon loss": 851.7549559261945, "_timestamp": 1671391908.886856, "_runtime": 1596.2213640213013, "_step": 50}