{"recon loss": 256.21760443330686, "_timestamp": 1671391933.1835337, "_runtime": 401.3209037780762, "_step": 30}