{"recon loss": 15715.102482373566, "_timestamp": 1671391926.8563461, "_runtime": 1474.0581231117249, "_step": 36}