{"recon loss": 276.92801934539716, "_timestamp": 1671391919.1067553, "_runtime": 518.3574111461639, "_step": 20}