{"recon loss": 83.77128139137527, "_timestamp": 1671391909.0116098, "_runtime": 1515.3022139072418, "_step": 31}