{"recon loss": 834.5083242931642, "_timestamp": 1671391303.1830027, "_runtime": 824.8548107147217, "_step": 39}