{"recon loss": 2476.403435041684, "_timestamp": 1671391915.1129124, "_runtime": 1423.2061355113983, "_step": 61}