{"recon loss": 1220.666707013539, "_timestamp": 1671391909.888184, "_runtime": 1531.435672044754, "_step": 40}