{"recon loss": 13763.822429008693, "_timestamp": 1671391808.9218009, "_runtime": 432.914452791214, "_step": 19}