{"recon loss": 308.5876029740656, "_timestamp": 1671391919.4734614, "_runtime": 1468.0082454681396, "_step": 56}