{"recon loss": 3538.5607214140973, "_timestamp": 1671391933.2028594, "_runtime": 932.2665884494781, "_step": 55}