{"recon loss": 1461.1757418629445, "_timestamp": 1671391916.8744748, "_runtime": 1519.619307756424, "_step": 36}