{"recon loss": 7877.761575887252, "_timestamp": 1671391921.4343922, "_runtime": 325.92785120010376, "_step": 5}