{"recon loss": 935.3672785965902, "_timestamp": 1671391818.9970074, "_runtime": 430.54532742500305, "_step": 19}