{"recon loss": 2019.4038492243897, "_timestamp": 1671391830.797033, "_runtime": 563.5393390655518, "_step": 39}