{"recon loss": 15682.258675371191, "_timestamp": 1671301263.293271, "_runtime": 1600.1250360012054, "_step": 0}