{"recon loss": 11555.694059074161, "_timestamp": 1671391918.4482713, "_runtime": 262.99479627609253, "_step": 5}