{"recon loss": 8327.04875100426, "_timestamp": 1671391853.203535, "_runtime": 1517.7443101406097, "_step": 79}