{"recon loss": 1338.6406311221708, "_timestamp": 1671391924.6363032, "_runtime": 495.4209222793579, "_step": 35}