{"recon loss": 977.0300851377443, "_timestamp": 1671391930.1355188, "_runtime": 516.8074216842651, "_step": 10}