{"recon loss": 3060.708898395731, "_timestamp": 1671391899.1362174, "_runtime": 1562.4414823055267, "_step": 34}