{"recon loss": 2901.7594761101304, "_timestamp": 1671391228.4077728, "_runtime": 786.512613773346, "_step": 59}