{"recon loss": 189.83347129952094, "_timestamp": 1671391930.4765215, "_runtime": 1588.4593155384064, "_step": 32}