{"recon loss": 331.75733631745805, "_timestamp": 1671391932.9017463, "_runtime": 516.2100462913513, "_step": 19}