{"recon loss": 1656.6604740852579, "_timestamp": 1671391913.1313615, "_runtime": 1597.4014616012573, "_step": 61}