{"recon loss": 460.40184845690175, "_timestamp": 1671391913.3029976, "_runtime": 1584.8569366931915, "_step": 38}