{"recon loss": 150.1052557640396, "_timestamp": 1671391930.6930614, "_runtime": 483.51853942871094, "_step": 18}