{"recon loss": 3948.8358371127415, "_timestamp": 1671391872.726357, "_runtime": 1408.4304149150848, "_step": 9}