{"recon loss": 9102.149292534972, "_timestamp": 1671391932.9260075, "_runtime": 1531.2176976203918, "_step": 34}