{"recon loss": 14954.031696801389, "_timestamp": 1671391921.0100615, "_runtime": 619.9421384334564, "_step": 30}