{"recon loss": 2571.7257110516475, "_timestamp": 1671391314.8577085, "_runtime": 862.0645015239716, "_step": 39}